{
  "timestamp": "2026-03-21T21:44:59.326876+00:00",
  "git_commit": "ecbb71d",
  "mode": "simulated_production",
  "n_runs": 3,
  "overall": {
    "oracle_avg_kl": 0.04134856562393278,
    "sim_prod_avg_kl": 0.049404084705525514,
    "gap_pct": 0.19481979507724828
  },
  "per_round": [
    {
      "round_id": "3eb0c25d-28fa-48ca-b8e1-fc249e3918e9",
      "round_number": 17,
      "sim_prod_mean_kl": 0.031164144112533876,
      "sim_prod_std_kl": 0.0006593630044340654,
      "sim_prod_runs": [
        0.030354397879710993,
        0.03196948275336201,
        0.03116855170452861
      ],
      "sim_prod_per_seed": [
        [
          0.030016151272113722,
          0.027918939319575554,
          0.029986571761262796,
          0.030366134736551354,
          0.03348419230905153
        ],
        [
          0.030874630260721472,
          0.030540003503239425,
          0.031169553682100073,
          0.031466886482056144,
          0.03579633983869293
        ],
        [
          0.03059717773371557,
          0.030250233413290622,
          0.02972137558513957,
          0.0311198790499976,
          0.0341540927404997
        ]
      ],
      "n_runs": 3,
      "oracle_kl": 0.02301122157733972
    },
    {
      "round_id": "8f664aed-8839-4c85-bed0-77a2cac7c6f5",
      "round_number": 16,
      "sim_prod_mean_kl": 0.05316151128958698,
      "sim_prod_std_kl": 0.0027025868374384375,
      "sim_prod_runs": [
        0.049811077949489455,
        0.05642949622464338,
        0.053243959694628105
      ],
      "sim_prod_per_seed": [
        [
          0.05793160656986649,
          0.04852566615501642,
          0.045007379450046375,
          0.058102371464424506,
          0.03948836610809349
        ],
        [
          0.0714086561367589,
          0.05441313868352312,
          0.05202199568307882,
          0.06235031081259542,
          0.04195337980726064
        ],
        [
          0.06413898171413397,
          0.053452119284844994,
          0.05104754045848995,
          0.054193871894151154,
          0.04338728512152051
        ]
      ],
      "n_runs": 3,
      "oracle_kl": 0.040438829982813555
    },
    {
      "round_id": "cc5442dd-bc5d-418b-911b-7eb960cb0390",
      "round_number": 15,
      "sim_prod_mean_kl": 0.03343064331211574,
      "sim_prod_std_kl": 0.001901302172224782,
      "sim_prod_runs": [
        0.03611684188956496,
        0.031984210451681074,
        0.03219087759510119
      ],
      "sim_prod_per_seed": [
        [
          0.03822263840242527,
          0.03184639400516139,
          0.04341680791471414,
          0.034623617258295276,
          0.03247475186722873
        ],
        [
          0.03305568164150795,
          0.03125543822332086,
          0.033317542381751344,
          0.03150520176672195,
          0.03078718824510326
        ],
        [
          0.03387172834038479,
          0.029031017395645765,
          0.03681675751666187,
          0.029504387718457665,
          0.031730497004355866
        ]
      ],
      "n_runs": 3,
      "oracle_kl": 0.022330713215037663
    },
    {
      "round_id": "d0a2c894-2162-4d49-86cf-435b9013f3b8",
      "round_number": 14,
      "sim_prod_mean_kl": 0.05358235496015084,
      "sim_prod_std_kl": 0.0005391160233628146,
      "sim_prod_runs": [
        0.053615988682822927,
        0.052905901297617186,
        0.054225174900012406
      ],
      "sim_prod_per_seed": [
        [
          0.05457204051596286,
          0.048008011580450975,
          0.05029910898849027,
          0.05687729767976248,
          0.05832348464944804
        ],
        [
          0.05263973146296753,
          0.04824614753823024,
          0.05096645603694455,
          0.056482691626274874,
          0.056194479823668715
        ],
        [
          0.05556481638167987,
          0.047389033597600896,
          0.05199398213535494,
          0.05914277660662164,
          0.0570352657788047
        ]
      ],
      "n_runs": 3,
      "oracle_kl": 0.04590802983028517
    },
    {
      "round_id": "7b4bda99-6165-4221-97cc-27880f5e6d95",
      "round_number": 13,
      "sim_prod_mean_kl": 0.03310644191775312,
      "sim_prod_std_kl": 0.0015353646458012133,
      "sim_prod_runs": [
        0.031592114511079024,
        0.035211242913692,
        0.03251596832848832
      ],
      "sim_prod_per_seed": [
        [
          0.027897644524579157,
          0.034235938007431625,
          0.03337566562915986,
          0.02918811573819549,
          0.03326320865602898
        ],
        [
          0.03007980222539053,
          0.04010579938919911,
          0.036605811196687224,
          0.02825727816425981,
          0.04100752359292332
        ],
        [
          0.029419743836245196,
          0.035906344531255595,
          0.034750093315053306,
          0.028816283245452948,
          0.033687376714434544
        ]
      ],
      "n_runs": 3,
      "oracle_kl": 0.023790587159037847
    },
    {
      "round_id": "795bfb1f-54bd-4f39-a526-9868b36f7ebd",
      "round_number": 12,
      "sim_prod_mean_kl": 0.12973895500283875,
      "sim_prod_std_kl": 0.0028380645538188458,
      "sim_prod_runs": [
        0.13371007826846032,
        0.12724886326746343,
        0.12825792347259252
      ],
      "sim_prod_per_seed": [
        [
          0.12916546892069003,
          0.12876017680709456,
          0.14238817642732648,
          0.13005032800558372,
          0.13818624118160674
        ],
        [
          0.1299053918675069,
          0.11560698530931615,
          0.13839186423569289,
          0.12412234537739136,
          0.12821772954740987
        ],
        [
          0.12635359278538072,
          0.12011096700458607,
          0.1421997495275831,
          0.12689513678172376,
          0.12573017126368888
        ]
      ],
      "n_runs": 3,
      "oracle_kl": 0.13270764680470543
    },
    {
      "round_id": "324fde07-1670-4202-b199-7aa92ecb40ee",
      "round_number": 11,
      "sim_prod_mean_kl": 0.03717806378103042,
      "sim_prod_std_kl": 0.0019348978483448957,
      "sim_prod_runs": [
        0.03480187288416191,
        0.039541332468406055,
        0.037190985990523284
      ],
      "sim_prod_per_seed": [
        [
          0.033615311044672205,
          0.0355073460681862,
          0.0356996943393444,
          0.033121539247273166,
          0.03606547372133354
        ],
        [
          0.036635926356007126,
          0.03889407532110871,
          0.041617758467797694,
          0.039881065016584734,
          0.040677837180532
        ],
        [
          0.036573314346655145,
          0.0371826961971358,
          0.03875156047963252,
          0.03601498673450742,
          0.03743237219468553
        ]
      ],
      "n_runs": 3,
      "oracle_kl": 0.027537596517731362
    },
    {
      "round_id": "75e625c3-60cb-4392-af3e-c86a98bde8c2",
      "round_number": 10,
      "sim_prod_mean_kl": 0.04655895858549144,
      "sim_prod_std_kl": 0.002027827867271868,
      "sim_prod_runs": [
        0.04537196250401163,
        0.04941329917179709,
        0.044891614080665575
      ],
      "sim_prod_per_seed": [
        [
          0.0473536525585626,
          0.04377378146508726,
          0.04998832653473757,
          0.04052684200817355,
          0.04521720995349717
        ],
        [
          0.05447730945852615,
          0.04470866805225825,
          0.0534795524808482,
          0.044883207319467905,
          0.049517758547884955
        ],
        [
          0.045832498334897984,
          0.043565114256867675,
          0.048862392775113145,
          0.039417318355440635,
          0.04678074668100845
        ]
      ],
      "n_runs": 3,
      "oracle_kl": 0.03415685994265501
    },
    {
      "round_id": "2a341ace-0f57-4309-9b89-e59fe0f09179",
      "round_number": 9,
      "sim_prod_mean_kl": 0.031528724566701166,
      "sim_prod_std_kl": 0.0008466215351556817,