{
  "timestamp": "2026-03-21T21:37:36.627458+00:00",
  "git_commit": "ecbb71d",
  "mode": "simulated_production",
  "n_runs": 3,
  "overall": {
    "oracle_avg_kl": 0.04134856562393278,
    "sim_prod_avg_kl": 0.034148254397590234,
    "gap_pct": -0.17413690457438658
  },
  "per_round": [
    {
      "round_id": "3eb0c25d-28fa-48ca-b8e1-fc249e3918e9",
      "round_number": 17,
      "sim_prod_mean_kl": 0.020932684411013692,
      "sim_prod_std_kl": 9.385316349215929e-05,
      "sim_prod_runs": [
        0.020855777721167246,
        0.02087745400473706,
        0.021064821507136768
      ],
      "sim_prod_per_seed": [
        [
          0.020878069167947884,
          0.01984829836875613,
          0.019777657078901677,
          0.020958319098543794,
          0.02281654489168675
        ],
        [
          0.021398283754995476,
          0.020374217216509026,
          0.01882113415259757,
          0.021321913001971126,
          0.022471721897612113
        ],
        [
          0.020411823555398716,
          0.021095979270034693,
          0.01947577771380137,
          0.021576312609270717,
          0.022764214387178346
        ]
      ],
      "n_runs": 3,
      "oracle_kl": 0.02301122157733972
    },
    {
      "round_id": "8f664aed-8839-4c85-bed0-77a2cac7c6f5",
      "round_number": 16,
      "sim_prod_mean_kl": 0.035458363098549904,
      "sim_prod_std_kl": 0.0012613074852868794,
      "sim_prod_runs": [
        0.034778231572140106,
        0.03437034949114942,
        0.03722650823236019
      ],
      "sim_prod_per_seed": [
        [
          0.03933302994990329,
          0.03554840081758616,
          0.03283970847867196,
          0.037749696060806436,
          0.028420322553732672
        ],
        [
          0.03954188456582468,
          0.03532454319391146,
          0.03334255026997801,
          0.036693005810372076,
          0.02694976361566087
        ],
        [
          0.04054481707081571,
          0.03921330192340937,
          0.03698675358676621,
          0.038769941130184116,
          0.03061772745062557
        ]
      ],
      "n_runs": 3,
      "oracle_kl": 0.040438829982813555
    },
    {
      "round_id": "cc5442dd-bc5d-418b-911b-7eb960cb0390",
      "round_number": 15,
      "sim_prod_mean_kl": 0.019838963986801194,
      "sim_prod_std_kl": 0.000544909319755043,
      "sim_prod_runs": [
        0.01907425096943378,
        0.020303781097807914,
        0.02013885989316189
      ],
      "sim_prod_per_seed": [
        [
          0.01990635972719487,
          0.018842351772836025,
          0.01899933937925727,
          0.01892419251886127,
          0.01869901144901947
        ],
        [
          0.02306144257449984,
          0.01903726355800831,
          0.02008318016290663,
          0.02000279048415017,
          0.01933422870947461
        ],
        [
          0.021989054200692994,
          0.0187350965980365,
          0.02026001482373803,
          0.020040288537542025,
          0.019669845305799908
        ]
      ],
      "n_runs": 3,
      "oracle_kl": 0.022330713215037663
    },
    {
      "round_id": "d0a2c894-2162-4d49-86cf-435b9013f3b8",
      "round_number": 14,
      "sim_prod_mean_kl": 0.04884693165080357,
      "sim_prod_std_kl": 0.012323400453158738,
      "sim_prod_runs": [
        0.040389017609246854,
        0.06627236796124847,
        0.0398794093819154
      ],
      "sim_prod_per_seed": [
        [
          0.03963473307807673,
          0.039670131476288305,
          0.03743766613283401,
          0.04404879327348962,
          0.04115376408554561
        ],
        [
          0.06395848205766023,
          0.06910056492859097,
          0.06277285362209585,
          0.06727401643802933,
          0.06825592275986599
        ],
        [
          0.039820906321408285,
          0.03776658720931403,
          0.03657059640480133,
          0.04380288260826371,
          0.04143607436578964
        ]
      ],
      "n_runs": 3,
      "oracle_kl": 0.04590802983028517
    },
    {
      "round_id": "7b4bda99-6165-4221-97cc-27880f5e6d95",
      "round_number": 13,
      "sim_prod_mean_kl": 0.02456344731846812,
      "sim_prod_std_kl": 0.0014133720571809843,
      "sim_prod_runs": [
        0.026526000352287093,
        0.023910378129502367,
        0.023253963473614896
      ],
      "sim_prod_per_seed": [
        [
          0.024018747346795426,
          0.028040235539536388,
          0.02815095429033971,
          0.02557738484880014,
          0.026842679735963826
        ],
        [
          0.021214112601656197,
          0.024853763538391284,
          0.026543132731753873,
          0.021864176705289656,
          0.025076705070420813
        ],
        [
          0.020685236244947915,
          0.024577490106651598,
          0.02481469978250167,
          0.022166388255436095,
          0.024026002978537207
        ]
      ],
      "n_runs": 3,
      "oracle_kl": 0.023790587159037847
    },
    {
      "round_id": "795bfb1f-54bd-4f39-a526-9868b36f7ebd",
      "round_number": 12,
      "sim_prod_mean_kl": 0.08562500663188466,
      "sim_prod_std_kl": 0.009385121036445558,
      "sim_prod_runs": [
        0.07819632874214232,
        0.09886466992351375,
        0.0798140212299979
      ],
      "sim_prod_per_seed": [
        [
          0.07719041425238747,
          0.07173829510643163,
          0.08633286844392812,
          0.07570612333423729,
          0.08001394257372707
        ],
        [
          0.0958867456688767,
          0.09791199989141505,
          0.1047653198081756,
          0.0957648915247918,
          0.09999439272430964
        ],
        [
          0.07776702110345435,
          0.07315198187820064,
          0.08964555166746205,
          0.07903359367356066,
          0.07947195782731174
        ]
      ],
      "n_runs": 3,
      "oracle_kl": 0.13270764680470543
    },
    {
      "round_id": "324fde07-1670-4202-b199-7aa92ecb40ee",
      "round_number": 11,
      "sim_prod_mean_kl": 0.025524676008051302,
      "sim_prod_std_kl": 0.0006975643011256318,
      "sim_prod_runs": [
        0.02620845363313936,
        0.024566970623077593,
        0.02579860376793695
      ],
      "sim_prod_per_seed": [
        [
          0.025538202398626222,
          0.025367855869469488,
          0.029324656073985416,
          0.024375656372427564,
          0.02643589745118813
        ],
        [
          0.024550260102137077,
          0.023074495511854382,
          0.02730061519103232,
          0.02340387953917822,
          0.02450560277118597
        ],
        [
          0.026231505464411713,
          0.02333454015542143,
          0.029341783872164805,
          0.023884967695013297,
          0.026200221652673505
        ]
      ],
      "n_runs": 3,
      "oracle_kl": 0.027537596517731362
    },
    {
      "round_id": "75e625c3-60cb-4392-af3e-c86a98bde8c2",
      "round_number": 10,
      "sim_prod_mean_kl": 0.019184291224896226,
      "sim_prod_std_kl": 0.0004320767918999379,
      "sim_prod_runs": [
        0.018876007998185226,
        0.018881533921373712,
        0.019795331755129743
      ],
      "sim_prod_per_seed": [
        [
          0.018812643612784296,
          0.019805950986173472,
          0.018976206493826375,
          0.019430644541532042,
          0.017354594356609947
        ],
        [
          0.019859632371925222,
          0.018306808437095763,
          0.01865942915721233,
          0.01875708597753427,
          0.018824713663100984
        ],
        [
          0.021719207080752524,
          0.019617283787418355,
          0.019512479143773888,
          0.018871487572026904,
          0.01925620119167705
        ]
      ],
      "n_runs": 3,
      "oracle_kl": 0.03415685994265501
    },
    {
      "round_id": "2a341ace-0f57-4309-9b89-e59fe0f09179",
      "round_number": 9,
      "sim_prod_mean_kl": 0.01946211901947568,
      "sim_prod_std_kl": 0.0001462860852411999,