{
  "timestamp": "2026-03-22T03:28:42.373238+00:00",
  "git_commit": "23fde4b",
  "mode": "simulated_production",
  "n_runs": 3,
  "overall": {
    "oracle_avg_kl": 0.03990856766371111,
    "sim_prod_avg_kl": 0.02913946438252393,
    "gap_pct": -0.26984439461553356
  },
  "per_round": [
    {
      "round_id": "597e60cf-d1a1-4627-ac4d-2a61da68b6df",
      "round_number": 19,
      "sim_prod_mean_kl": 0.026390538772312816,
      "sim_prod_std_kl": 0.0023750193983006567,
      "sim_prod_runs": [
        0.025875221782119512,
        0.029522551458035638,
        0.023773843076783305
      ],
      "sim_prod_per_seed": [
        [
          0.02679276344960077,
          0.02175104384160439,
          0.02555553325543454,
          0.025552510142489774,
          0.029724258221468073
        ],
        [
          0.030694620794183478,
          0.024762307304995266,
          0.029082893369034843,
          0.02909575586841202,
          0.03397717995355257
        ],
        [
          0.02448662847872791,
          0.019781200198333976,
          0.023769204225321635,
          0.02342433094837007,
          0.027407851533162924
        ]
      ],
      "n_runs": 3,
      "oracle_kl": 0.017258274553056903
    },
    {
      "round_id": "b0f9d1bf-4b71-4e6e-816c-19c718d29056",
      "round_number": 18,
      "sim_prod_mean_kl": 0.02069412333596846,
      "sim_prod_std_kl": 0.0009096311323604903,
      "sim_prod_runs": [
        0.02018554335530316,
        0.019925108387444178,
        0.021971718265158053
      ],
      "sim_prod_per_seed": [
        [
          0.018505038667245254,
          0.02011957070326002,
          0.021938003805840448,
          0.01996588321514356,
          0.020399220385026524
        ],
        [
          0.018460975593235247,
          0.019645048439794373,
          0.021795750660328704,
          0.01999157173291671,
          0.01973219551094587
        ],
        [
          0.02008537284011788,
          0.02227291784548604,
          0.023029602908614957,
          0.021723858997613348,
          0.02274683873395803
        ]
      ],
      "n_runs": 3,
      "oracle_kl": 0.03807889545059717
    },
    {
      "round_id": "3eb0c25d-28fa-48ca-b8e1-fc249e3918e9",
      "round_number": 17,
      "sim_prod_mean_kl": 0.012618606931666438,
      "sim_prod_std_kl": 4.884604049645616e-05,
      "sim_prod_runs": [
        0.012556477184101075,
        0.012623521769906687,
        0.01267582184099155
      ],
      "sim_prod_per_seed": [
        [
          0.012219215936632367,
          0.012808539672453894,
          0.011902189944214887,
          0.011590882335254672,
          0.014261558031949562
        ],
        [
          0.012397432336462958,
          0.012994193386909065,
          0.012011505543793018,
          0.011442070154802609,
          0.014272407427565793
        ],
        [
          0.012360055797520569,
          0.013375332791859653,
          0.011806332140550754,
          0.011506897316129052,
          0.01433049115889771
        ]
      ],
      "n_runs": 3,
      "oracle_kl": 0.02301122157733972
    },
    {
      "round_id": "8f664aed-8839-4c85-bed0-77a2cac7c6f5",
      "round_number": 16,
      "sim_prod_mean_kl": 0.03084881201705066,
      "sim_prod_std_kl": 0.0012475399828515026,
      "sim_prod_runs": [
        0.03083515579560079,
        0.029327767703804443,
        0.03238351255174674
      ],
      "sim_prod_per_seed": [
        [
          0.03817509446180636,
          0.03270463582172848,
          0.02718349137988425,
          0.03165589485804809,
          0.02445666245653678
        ],
        [
          0.03612851670186254,
          0.030844588336376336,
          0.02627611056949557,
          0.030554515165661697,
          0.022835107745626082
        ],
        [
          0.03906003515343386,
          0.03441588952618743,
          0.028978427256349238,
          0.03332640210427644,
          0.02613680871848673
        ]
      ],
      "n_runs": 3,
      "oracle_kl": 0.040438829982813555
    },
    {
      "round_id": "cc5442dd-bc5d-418b-911b-7eb960cb0390",
      "round_number": 15,
      "sim_prod_mean_kl": 0.014584880268492842,
      "sim_prod_std_kl": 0.0012626551748491132,
      "sim_prod_runs": [
        0.013322862658327963,
        0.01630993239976724,
        0.014121845747383325
      ],
      "sim_prod_per_seed": [
        [
          0.014341638878574583,
          0.01293825658409327,
          0.012392377409880499,
          0.014072176163676679,
          0.012869864255414776
        ],
        [
          0.015886635009972744,
          0.017408603964949303,
          0.015321492883110084,
          0.01644298375377585,
          0.016489946387028217
        ],
        [
          0.015899826849934778,
          0.013157731892802903,
          0.013336226867672194,
          0.014341591514794352,
          0.013873851611712389
        ]
      ],
      "n_runs": 3,
      "oracle_kl": 0.022330713215037663
    },
    {
      "round_id": "d0a2c894-2162-4d49-86cf-435b9013f3b8",
      "round_number": 14,
      "sim_prod_mean_kl": 0.04420553869072732,
      "sim_prod_std_kl": 0.0057928758121425505,
      "sim_prod_runs": [
        0.05097754323538713,
        0.04481216476294557,
        0.03682690807384924
      ],
      "sim_prod_per_seed": [
        [
          0.04938876002625395,
          0.052334393234708565,
          0.04720541473456144,
          0.054053735510373326,
          0.051905412671038355
        ],
        [
          0.04504101207970813,
          0.04641957010935972,
          0.04109353295638117,
          0.045766082377988966,
          0.04574062629128986
        ],
        [
          0.03707240192496038,
          0.037101271473768814,
          0.034057575872312965,
          0.039721398041401644,
          0.03618189305680243
        ]
      ],
      "n_runs": 3,
      "oracle_kl": 0.04590802983028517
    },
    {
      "round_id": "7b4bda99-6165-4221-97cc-27880f5e6d95",
      "round_number": 13,
      "sim_prod_mean_kl": 0.01754177817999011,
      "sim_prod_std_kl": 0.0003952935256794711,
      "sim_prod_runs": [
        0.017050255132217258,
        0.017556911697560677,
        0.01801816771019239
      ],
      "sim_prod_per_seed": [
        [
          0.014947388163039645,
          0.01767965993389622,
          0.018075624554381366,
          0.016613164264315892,
          0.01793543874545315
        ],
        [
          0.015607709673540868,
          0.018072224236293233,
          0.01862726624177393,
          0.016989126798252242,
          0.018488231537943135
        ],
        [
          0.01592634500606494,
          0.018615196443023063,
          0.0191311473424381,
          0.01774932706640912,
          0.018668822693026714
        ]
      ],
      "n_runs": 3,
      "oracle_kl": 0.023790587159037847
    },
    {
      "round_id": "795bfb1f-54bd-4f39-a526-9868b36f7ebd",
      "round_number": 12,
      "sim_prod_mean_kl": 0.06715753873524176,
      "sim_prod_std_kl": 0.003383270746358826,
      "sim_prod_runs": [
        0.06601192368031905,
        0.07175346147658923,
        0.063707231048817
      ],
      "sim_prod_per_seed": [
        [
          0.06715308572790879,
          0.06322856174738631,
          0.07279990247937887,
          0.0600293482660542,
          0.06684872018086709
        ],
        [
          0.07305262987537542,
          0.06941830283649524,
          0.07818879805845856,
          0.06522483854726228,
          0.07288273806535464
        ],
        [
          0.06578407255294512,
          0.06098656126092232,
          0.07045054439818652,
          0.05739301379182211,
          0.06392196324020886
        ]
      ],
      "n_runs": 3,
      "oracle_kl": 0.13270764680470543
    },
    {
      "round_id": "324fde07-1670-4202-b199-7aa92ecb40ee",
      "round_number": 11,
      "sim_prod_mean_kl": 0.016897869700874982,