{
  "timestamp": "2026-03-22T03:55:41.937710+00:00",
  "git_commit": "61f8a2e",
  "mode": "simulated_production",
  "n_runs": 3,
  "overall": {
    "oracle_avg_kl": 0.03990856766371111,
    "sim_prod_avg_kl": 0.028094481854130514,
    "gap_pct": -0.29602881038306855
  },
  "per_round": [
    {
      "round_id": "597e60cf-d1a1-4627-ac4d-2a61da68b6df",
      "round_number": 19,
      "sim_prod_mean_kl": 0.018501128810733767,
      "sim_prod_std_kl": 0.00045790015282699294,
      "sim_prod_runs": [
        0.019144035070844254,
        0.018246850679536266,
        0.018112500681820787
      ],
      "sim_prod_per_seed": [
        [
          0.019508760428719355,
          0.015890125955607275,
          0.019187829062419406,
          0.018953955789486217,
          0.02217950411798901
        ],
        [
          0.0184928217095591,
          0.01517418895566011,
          0.018388731665575885,
          0.018034497875969148,
          0.021144013190917094
        ],
        [
          0.018347089733364998,
          0.015009612117072137,
          0.018288356123254076,
          0.017905961192240288,
          0.021011484243172434
        ]
      ],
      "n_runs": 3,
      "oracle_kl": 0.017258274553056903
    },
    {
      "round_id": "b0f9d1bf-4b71-4e6e-816c-19c718d29056",
      "round_number": 18,
      "sim_prod_mean_kl": 0.02054218049953892,
      "sim_prod_std_kl": 0.0008653534218808783,
      "sim_prod_runs": [
        0.020026844365005063,
        0.0198385596828203,
        0.021761137450791408
      ],
      "sim_prod_per_seed": [
        [
          0.0187253283757074,
          0.019823410033874334,
          0.02174262440787129,
          0.02006365226221737,
          0.019779206745354907
        ],
        [
          0.01866364912531125,
          0.01945476541959035,
          0.02165475036595984,
          0.02022534121033525,
          0.01919429229290481
        ],
        [
          0.020082804813970807,
          0.022008087601319858,
          0.02312692306025486,
          0.020771143239740896,
          0.022816728538670596
        ]
      ],
      "n_runs": 3,
      "oracle_kl": 0.03807889545059717
    },
    {
      "round_id": "3eb0c25d-28fa-48ca-b8e1-fc249e3918e9",
      "round_number": 17,
      "sim_prod_mean_kl": 0.01262026394971858,
      "sim_prod_std_kl": 0.0001470801456808721,
      "sim_prod_runs": [
        0.012464736204719759,
        0.012578415137765437,
        0.012817640506670544
      ],
      "sim_prod_per_seed": [
        [
          0.01185882968756501,
          0.013031968235620396,
          0.0115147410829219,
          0.011592733575066728,
          0.014325408442424758
        ],
        [
          0.0119993037461782,
          0.013671921770556419,
          0.011525705632410123,
          0.011504816362770533,
          0.014190328176911897
        ],
        [
          0.012257986152185924,
          0.01375563912165059,
          0.011753996440793885,
          0.011716325021716531,
          0.014604255797005793
        ]
      ],
      "n_runs": 3,
      "oracle_kl": 0.02301122157733972
    },
    {
      "round_id": "8f664aed-8839-4c85-bed0-77a2cac7c6f5",
      "round_number": 16,
      "sim_prod_mean_kl": 0.03198907861968267,
      "sim_prod_std_kl": 0.003861573615951257,
      "sim_prod_runs": [
        0.02984439049367916,
        0.02871195595459568,
        0.03741088941077316
      ],
      "sim_prod_per_seed": [
        [
          0.0361268166342498,
          0.031462542834943014,
          0.026874209140518832,
          0.03113719809944486,
          0.023621185759239292
        ],
        [
          0.03469269034555738,
          0.029408684297976523,
          0.02628921309578789,
          0.030817946701301602,
          0.022351245332355024
        ],
        [
          0.047797114045801094,
          0.03743605576894989,
          0.03289145059027132,
          0.039002831844552284,
          0.029926994804291243
        ]
      ],
      "n_runs": 3,
      "oracle_kl": 0.040438829982813555
    },
    {
      "round_id": "cc5442dd-bc5d-418b-911b-7eb960cb0390",
      "round_number": 15,
      "sim_prod_mean_kl": 0.013405442570834833,
      "sim_prod_std_kl": 0.00029191016301588637,
      "sim_prod_runs": [
        0.013081634609878675,
        0.013345584024667845,
        0.013789109077957978
      ],
      "sim_prod_per_seed": [
        [
          0.014513413958208075,
          0.012216658311668113,
          0.01241887324990774,
          0.013741080123553271,
          0.012518147406056182
        ],
        [
          0.014680725028524237,
          0.012528732218960486,
          0.012814078925284574,
          0.013806223772271642,
          0.012898160178298281
        ],
        [
          0.015522623543676676,
          0.012830876472838199,
          0.01306430399244249,
          0.014054555616297981,
          0.013473185764534549
        ]
      ],
      "n_runs": 3,
      "oracle_kl": 0.022330713215037663
    },
    {
      "round_id": "d0a2c894-2162-4d49-86cf-435b9013f3b8",
      "round_number": 14,
      "sim_prod_mean_kl": 0.04197849422630493,
      "sim_prod_std_kl": 0.007319866730661894,
      "sim_prod_runs": [
        0.05225267017445092,
        0.037937606449221534,
        0.035745206055242326
      ],
      "sim_prod_per_seed": [
        [
          0.05031994656275627,
          0.054464438920010495,
          0.04883967639139702,
          0.054869895147349794,
          0.05276939385074104
        ],
        [
          0.038287591633138066,
          0.03873118369866933,
          0.03383982236356314,
          0.04020305926428608,
          0.03862637528645104
        ],
        [
          0.03585786128967211,
          0.036146657399903456,
          0.032859059366727394,
          0.03908113869813384,
          0.03478131352177485
        ]
      ],
      "n_runs": 3,
      "oracle_kl": 0.04590802983028517
    },
    {
      "round_id": "7b4bda99-6165-4221-97cc-27880f5e6d95",
      "round_number": 13,
      "sim_prod_mean_kl": 0.01731450817264736,
      "sim_prod_std_kl": 0.00027149473046725775,
      "sim_prod_runs": [
        0.016931263205972658,
        0.017485967455690303,
        0.017526293856279122
      ],
      "sim_prod_per_seed": [
        [
          0.014828605126828766,
          0.017644512760655,
          0.017586634885011807,
          0.01610822306759799,
          0.018488340189769737
        ],
        [
          0.015746562766814763,
          0.018036841044104114,
          0.0182454516408246,
          0.016566696143620496,
          0.018834285683087537
        ],
        [
          0.015578764896363421,
          0.018088322965699045,
          0.01842127539809741,
          0.016723632423856254,
          0.01881947359737948
        ]
      ],
      "n_runs": 3,
      "oracle_kl": 0.023790587159037847
    },
    {
      "round_id": "795bfb1f-54bd-4f39-a526-9868b36f7ebd",
      "round_number": 12,
      "sim_prod_mean_kl": 0.06690056469528975,
      "sim_prod_std_kl": 0.0016463361785478388,
      "sim_prod_runs": [
        0.06726430891157635,
        0.0687102753316067,
        0.06472710984268622
      ],
      "sim_prod_per_seed": [
        [
          0.06742772631915744,
          0.06371901531191465,
          0.0753892294114071,
          0.0623568799104835,
          0.06742869360491908
        ],
        [
          0.06979675872821799,
          0.06575117419331791,
          0.07627434196040082,
          0.06348555322274232,
          0.06824354855335449
        ],
        [
          0.06575236619470637,
          0.06151749599336977,
          0.07257988214389954,
          0.059480591683614,
          0.06430521319784142
        ]
      ],
      "n_runs": 3,
      "oracle_kl": 0.13270764680470543
    },
    {
      "round_id": "324fde07-1670-4202-b199-7aa92ecb40ee",
      "round_number": 11,
      "sim_prod_mean_kl": 0.017078923496486,