{
  "timestamp": "2026-03-21T12:49:55.125913+00:00",
  "git_commit": "2e69bd5",
  "mode": "simulated_production",
  "n_runs": 3,
  "overall": {
    "oracle_avg_kl": 0.044081775059404735,
    "sim_prod_avg_kl": 0.061227136258664154,
    "gap_pct": 0.3889444373815319
  },
  "per_round": [
    {
      "round_id": "d0a2c894-2162-4d49-86cf-435b9013f3b8",
      "round_number": 14,
      "sim_prod_mean_kl": 0.0645368470077114,
      "sim_prod_std_kl": 0.00045620920878503083,
      "sim_prod_runs": [
        0.06433723453494754,
        0.06410532809994125,
        0.0651679783882454
      ],
      "sim_prod_per_seed": [
        [
          0.06635977297877514,
          0.0573104529289063,
          0.06116701821005696,
          0.06760443919177803,
          0.06924448936522126
        ],
        [
          0.06466403553737228,
          0.0574256578620085,
          0.06076816933248068,
          0.06978821005680277,
          0.06788056771104203
        ],
        [
          0.0690861171417305,
          0.056370149870954546,
          0.06232650370737761,
          0.06996122685433842,
          0.06809589436682587
        ]
      ],
      "n_runs": 3,
      "oracle_kl": 0.04590802983028517
    },
    {
      "round_id": "7b4bda99-6165-4221-97cc-27880f5e6d95",
      "round_number": 13,
      "sim_prod_mean_kl": 0.046649386880261746,
      "sim_prod_std_kl": 0.0014556133561259355,
      "sim_prod_runs": [
        0.04512513824419194,
        0.048609724424470445,
        0.046213297972122855
      ],
      "sim_prod_per_seed": [
        [
          0.04281271970478113,
          0.04742894505973563,
          0.04731950287551051,
          0.041410456470273825,
          0.046654067110658615
        ],
        [
          0.04353635297855435,
          0.05380397290200168,
          0.05115495803699328,
          0.039154554754083096,
          0.05539878345071986
        ],
        [
          0.04436528067658322,
          0.049693817512488365,
          0.04915445157113162,
          0.04104277282129179,
          0.04681016727911928
        ]
      ],
      "n_runs": 3,
      "oracle_kl": 0.023790587159037847
    },
    {
      "round_id": "795bfb1f-54bd-4f39-a526-9868b36f7ebd",
      "round_number": 12,
      "sim_prod_mean_kl": 0.11943194712879301,
      "sim_prod_std_kl": 0.0037387652485235292,
      "sim_prod_runs": [
        0.12443812922620398,
        0.11545537245920054,
        0.1184023397009745
      ],
      "sim_prod_per_seed": [
        [
          0.12251163957901048,
          0.11440961116493416,
          0.1344478998826062,
          0.12160753484936208,
          0.12921396065510699
        ],
        [
          0.120084477897671,
          0.10079634245507635,
          0.12870784729357354,
          0.11397602729992207,
          0.11371216734975977
        ],
        [
          0.11697254767888882,
          0.1079959035587176,
          0.13301894328062305,
          0.11721745888886431,
          0.11680684509777864
        ]
      ],
      "n_runs": 3,
      "oracle_kl": 0.13270764680470543
    },
    {
      "round_id": "324fde07-1670-4202-b199-7aa92ecb40ee",
      "round_number": 11,
      "sim_prod_mean_kl": 0.05248635434814347,
      "sim_prod_std_kl": 0.002033810916272934,
      "sim_prod_runs": [
        0.0496637976251627,
        0.05437665298466767,
        0.05341861243460004
      ],
      "sim_prod_per_seed": [
        [
          0.047860928062334426,
          0.05093581549151527,
          0.049358760119197646,
          0.048470606432982954,
          0.05169287801978323
        ],
        [
          0.052535785157278275,
          0.0544556555129666,
          0.05367365492168888,
          0.05622485675817467,
          0.05499331257322995
        ],
        [
          0.05346502544088333,
          0.05425407039798525,
          0.053170301729601833,
          0.05307693670098078,
          0.05312672790354908
        ]
      ],
      "n_runs": 3,
      "oracle_kl": 0.027537596517731362
    },
    {
      "round_id": "75e625c3-60cb-4392-af3e-c86a98bde8c2",
      "round_number": 10,
      "sim_prod_mean_kl": 0.0524506598808974,
      "sim_prod_std_kl": 0.002395321710570363,
      "sim_prod_runs": [
        0.052961446706715196,
        0.0550953822863004,
        0.04929515064967662
      ],
      "sim_prod_per_seed": [
        [
          0.052563290035120926,
          0.05252995608867862,
          0.05755012590103475,
          0.04909762770014177,
          0.053066233808599934
        ],
        [
          0.06047436628788104,
          0.049133388186551746,
          0.06009530182201593,
          0.05037902459441141,
          0.0553948305406419
        ],
        [
          0.05056480345761933,
          0.04797839486448789,
          0.05294895835767595,
          0.04403258199645213,
          0.050951014572147825
        ]
      ],
      "n_runs": 3,
      "oracle_kl": 0.03415685994265501
    },
    {
      "round_id": "2a341ace-0f57-4309-9b89-e59fe0f09179",
      "round_number": 9,
      "sim_prod_mean_kl": 0.04882333610640708,
      "sim_prod_std_kl": 0.0010863624204713296,
      "sim_prod_runs": [
        0.04729990187185304,
        0.04941290194526874,
        0.049757204502099465
      ],
      "sim_prod_per_seed": [
        [
          0.05053994433624054,
          0.04722930367553797,
          0.04603515284402879,
          0.048492930724765515,
          0.04420217777869236
        ],
        [
          0.05391886929558512,
          0.050997479306471034,
          0.04833393734383454,
          0.04853113730978439,
          0.045283086470668615
        ],
        [
          0.05149556192591304,
          0.0506908701348951,
          0.04904737736781123,
          0.05078182273360651,
          0.04677039034827147
        ]
      ],
      "n_runs": 3,
      "oracle_kl": 0.02219017570248747
    },
    {
      "round_id": "c5cdf100-a876-4fb7-b5d8-757162c97989",
      "round_number": 8,
      "sim_prod_mean_kl": 0.03336408762692875,
      "sim_prod_std_kl": 0.0021682391213384256,
      "sim_prod_runs": [
        0.032286497194572605,
        0.0363890426280009,
        0.03141672305821277
      ],
      "sim_prod_per_seed": [
        [
          0.03270916883886614,
          0.032255702254334266,
          0.03288232480601931,
          0.02995283787224968,
          0.03363245220139364
        ],
        [
          0.04209049411312755,
          0.04095490816110556,
          0.03272453670027376,
          0.03462494880306752,
          0.031550325362430104
        ],
        [
          0.03451997309392726,
          0.028625566574569397,
          0.03297128635897341,
          0.03097187537123781,
          0.029994913892355986
        ]
      ],
      "n_runs": 3,
      "oracle_kl": 0.015901371587182127
    },
    {
      "round_id": "36e581f1-73f8-453f-ab98-cbe3052b701b",
      "round_number": 7,
      "sim_prod_mean_kl": 0.10169961240996904,
      "sim_prod_std_kl": 0.001968210394416032,
      "sim_prod_runs": [
        0.1035568379668034,
        0.09897550160640342,
        0.1025664976567003
      ],
      "sim_prod_per_seed": [
        [
          0.10437860265364812,
          0.10645738894493284,
          0.10484808637879754,
          0.10207859654987456,
          0.1000215153067639
        ],
        [
          0.10232247435121711,
          0.09988190029602524,
          0.09788134331451444,
          0.10175125272129348,
          0.0930405373489669
        ],
        [
          0.10418394038243857,
          0.10430648833381669,
          0.10182789372692343,
          0.10569033851317321,
          0.09682382732714954
        ]
      ],
      "n_runs": 3,
      "oracle_kl": 0.10313896849932733
    },
    {
      "round_id": "ae78003a-4efe-425a-881a-d16a39bca0ad",
      "round_number": 6,
      "sim_prod_mean_kl": 0.06068678682373824,
      "sim_prod_std_kl": 0.0010644319674470897,