{
  "timestamp": "2026-03-22T02:37:51.388970+00:00",
  "git_commit": "02a0148",
  "mode": "simulated_production",
  "n_runs": 3,
  "overall": {
    "oracle_avg_kl": 0.04116691728096969,
    "sim_prod_avg_kl": 0.029648726381218467,
    "gap_pct": -0.27979240760579754
  },
  "per_round": [
    {
      "round_id": "b0f9d1bf-4b71-4e6e-816c-19c718d29056",
      "round_number": 18,
      "sim_prod_mean_kl": 0.023697639835545185,
      "sim_prod_std_kl": 0.0004802572439636818,
      "sim_prod_runs": [
        0.0237838391970591,
        0.023071103968795848,
        0.024237976340780603
      ],
      "sim_prod_per_seed": [
        [
          0.022452190953891917,
          0.023289318270414926,
          0.024897032082909484,
          0.022324421565203714,
          0.025956233112875447
        ],
        [
          0.021727624947560937,
          0.022492216462306695,
          0.02438803810774957,
          0.02294471428262524,
          0.02380292604373679
        ],
        [
          0.022877377468511012,
          0.023652706842792918,
          0.025140394493464523,
          0.023797322569181812,
          0.02572208032995276
        ]
      ],
      "n_runs": 3,
      "oracle_kl": 0.03807889545059717
    },
    {
      "round_id": "3eb0c25d-28fa-48ca-b8e1-fc249e3918e9",
      "round_number": 17,
      "sim_prod_mean_kl": 0.014405996381604202,
      "sim_prod_std_kl": 0.00012436166724045735,
      "sim_prod_runs": [
        0.014580076177481888,
        0.014340656827409787,
        0.014297256139920927
      ],
      "sim_prod_per_seed": [
        [
          0.014677476658547357,
          0.014703917326273616,
          0.013301485767279395,
          0.014281722328844839,
          0.01593577880646423
        ],
        [
          0.014383020171378397,
          0.014578616034724016,
          0.013130493502228974,
          0.01368923467476002,
          0.015921919753957528
        ],
        [
          0.01435637039251132,
          0.014474396030879386,
          0.013085343924776087,
          0.0137752868051115,
          0.015794883546326348
        ]
      ],
      "n_runs": 3,
      "oracle_kl": 0.02301122157733972
    },
    {
      "round_id": "8f664aed-8839-4c85-bed0-77a2cac7c6f5",
      "round_number": 16,
      "sim_prod_mean_kl": 0.03293158852767731,
      "sim_prod_std_kl": 0.001111302263039366,
      "sim_prod_runs": [
        0.03301436196784659,
        0.03153102908201416,
        0.034249374533171194
      ],
      "sim_prod_per_seed": [
        [
          0.03943478029959691,
          0.03662655989931163,
          0.02943323566393694,
          0.03334472767690846,
          0.026232506299478972
        ],
        [
          0.036711219018550824,
          0.03407424339339814,
          0.02860473790887374,
          0.0332009851390219,
          0.025063959950226204
        ],
        [
          0.04151747363398581,
          0.03721406039848078,
          0.030404242470832125,
          0.034943059134273924,
          0.027168037028283357
        ]
      ],
      "n_runs": 3,
      "oracle_kl": 0.040438829982813555
    },
    {
      "round_id": "cc5442dd-bc5d-418b-911b-7eb960cb0390",
      "round_number": 15,
      "sim_prod_mean_kl": 0.014129822274578213,
      "sim_prod_std_kl": 0.00019744540167294814,
      "sim_prod_runs": [
        0.013868669611134768,
        0.014174803660508814,
        0.014345993552091051
      ],
      "sim_prod_per_seed": [
        [
          0.01487006981266356,
          0.013302184946838656,
          0.013025950768422888,
          0.014302416235512963,
          0.01384272629223578
        ],
        [
          0.015116624677590725,
          0.013640162516735072,
          0.013601320595438665,
          0.01412154011781964,
          0.014394370394959976
        ],
        [
          0.015854043750484173,
          0.013395414682437821,
          0.01380475464696293,
          0.01414458790748463,
          0.0145311667730857
        ]
      ],
      "n_runs": 3,
      "oracle_kl": 0.022330713215037663
    },
    {
      "round_id": "d0a2c894-2162-4d49-86cf-435b9013f3b8",
      "round_number": 14,
      "sim_prod_mean_kl": 0.04779622129953096,
      "sim_prod_std_kl": 0.010238101794806729,
      "sim_prod_runs": [
        0.06063360084207366,
        0.04717661399031921,
        0.035578449066200044
      ],
      "sim_prod_per_seed": [
        [
          0.05830192475040366,
          0.06275117626115645,
          0.05712932696601423,
          0.06251793371724804,
          0.06246764251554588
        ],
        [
          0.046695524290015666,
          0.048363915768910325,
          0.04287876798433074,
          0.04980519781161251,
          0.04813966409672678
        ],
        [
          0.03581480460138593,
          0.03474187781214801,
          0.03336786773890028,
          0.040040509372417425,
          0.033927185806148605
        ]
      ],
      "n_runs": 3,
      "oracle_kl": 0.04590802983028517
    },
    {
      "round_id": "7b4bda99-6165-4221-97cc-27880f5e6d95",
      "round_number": 13,
      "sim_prod_mean_kl": 0.019720377471232304,
      "sim_prod_std_kl": 0.0004045317071212853,
      "sim_prod_runs": [
        0.02024395475650667,
        0.0196582609920487,
        0.019258916665141537
      ],
      "sim_prod_per_seed": [
        [
          0.017752648401557866,
          0.020868673389951856,
          0.02195880603075268,
          0.019839234153058036,
          0.020800411807212933
        ],
        [
          0.017392618421273254,
          0.020232133256135536,
          0.021110304989181206,
          0.01888076630585145,
          0.020675481987802054
        ],
        [
          0.016949099396797562,
          0.019753018768079268,
          0.020714939751358036,
          0.018411684610931064,
          0.02046584079854176
        ]
      ],
      "n_runs": 3,
      "oracle_kl": 0.023790587159037847
    },
    {
      "round_id": "795bfb1f-54bd-4f39-a526-9868b36f7ebd",
      "round_number": 12,
      "sim_prod_mean_kl": 0.08463441442076354,
      "sim_prod_std_kl": 0.007952434903249548,
      "sim_prod_runs": [
        0.08119771476959467,
        0.09562657969449954,
        0.07707894879819646
      ],
      "sim_prod_per_seed": [
        [
          0.08075562001701395,
          0.07518199610337016,
          0.09095568820703018,
          0.0750682515710258,
          0.08402701794953327
        ],
        [
          0.09201101191900325,
          0.09244898696835151,
          0.10403326737375387,
          0.0915853544160463,
          0.09805427779534284
        ],
        [
          0.07764117544462348,
          0.0705966135948026,
          0.08679281057782033,
          0.07050940273516351,
          0.07985474163857237
        ]
      ],
      "n_runs": 3,
      "oracle_kl": 0.13270764680470543
    },
    {
      "round_id": "324fde07-1670-4202-b199-7aa92ecb40ee",
      "round_number": 11,
      "sim_prod_mean_kl": 0.01951724195610986,
      "sim_prod_std_kl": 0.0012862463422157004,
      "sim_prod_runs": [
        0.02133451575014811,
        0.01867775307006193,
        0.01853945704811954
      ],
      "sim_prod_per_seed": [
        [
          0.022276809806729657,
          0.02306870741786492,
          0.02119224310795027,
          0.019766913956283785,
          0.020367904461911904
        ],
        [
          0.018758226654571362,
          0.01739001688906108,
          0.021910076717191015,
          0.017323692729559092,
          0.018006752359927096
        ],
        [
          0.019511049417013423,
          0.018139297775121542,
          0.019967097338039953,
          0.017310318772891634,
          0.01776952193753114
        ]
      ],
      "n_runs": 3,
      "oracle_kl": 0.027537596517731362
    },
    {
      "round_id": "75e625c3-60cb-4392-af3e-c86a98bde8c2",
      "round_number": 10,
      "sim_prod_mean_kl": 0.016454247440191864,