{
  "timestamp": "2026-03-22T01:16:53.750004+00:00",
  "git_commit": "7759544",
  "mode": "simulated_production",
  "n_runs": 3,
  "overall": {
    "oracle_avg_kl": 0.04116691728096969,
    "sim_prod_avg_kl": 0.031730924498032644,
    "gap_pct": -0.22921300418331397
  },
  "per_round": [
    {
      "round_id": "b0f9d1bf-4b71-4e6e-816c-19c718d29056",
      "round_number": 18,
      "sim_prod_mean_kl": 0.02696605508346322,
      "sim_prod_std_kl": 0.00024236188732175236,
      "sim_prod_runs": [
        0.02706736614694803,
        0.026631831256682524,
        0.027198967846759115
      ],
      "sim_prod_per_seed": [
        [
          0.027164634396516108,
          0.02722003318112334,
          0.028366773537704386,
          0.022988224457715697,
          0.029597165161680615
        ],
        [
          0.02625397560611943,
          0.026578821668876037,
          0.027276769017758114,
          0.02558472771660561,
          0.027464862274053422
        ],
        [
          0.027006878950672213,
          0.02776729741753954,
          0.02834896680428064,
          0.024834960852897825,
          0.02803673520840535
        ]
      ],
      "n_runs": 3,
      "oracle_kl": 0.03807889545059717
    },
    {
      "round_id": "3eb0c25d-28fa-48ca-b8e1-fc249e3918e9",
      "round_number": 17,
      "sim_prod_mean_kl": 0.019068028481533068,
      "sim_prod_std_kl": 0.00016807154895970828,
      "sim_prod_runs": [
        0.019269237837098635,
        0.01885784203163813,
        0.019077005575862442
      ],
      "sim_prod_per_seed": [
        [
          0.01992764459390323,
          0.018028021287528645,
          0.018469324603361467,
          0.01925828127210242,
          0.020662917428597407
        ],
        [
          0.019545960360676618,
          0.018617366945238356,
          0.017210198515634847,
          0.01853571430964417,
          0.020379970026996645
        ],
        [
          0.019159981952368354,
          0.0188038076578169,
          0.01789865665025967,
          0.019151907754034192,
          0.0203706738648331
        ]
      ],
      "n_runs": 3,
      "oracle_kl": 0.02301122157733972
    },
    {
      "round_id": "8f664aed-8839-4c85-bed0-77a2cac7c6f5",
      "round_number": 16,
      "sim_prod_mean_kl": 0.03510213480125047,
      "sim_prod_std_kl": 0.0010935021886950187,
      "sim_prod_runs": [
        0.035585879666012725,
        0.033588211373671704,
        0.036132313364066984
      ],
      "sim_prod_per_seed": [
        [
          0.04052922057264745,
          0.03851574015485922,
          0.03224683389130474,
          0.03640281970280791,
          0.03023478400844431
        ],
        [
          0.03781334355279039,
          0.036493281989742464,
          0.03146500968648101,
          0.03470032490661992,
          0.02746909673272474
        ],
        [
          0.042245453821397445,
          0.03930785489440103,
          0.0335950145851798,
          0.035841960137977726,
          0.029671283381378918
        ]
      ],
      "n_runs": 3,
      "oracle_kl": 0.040438829982813555
    },
    {
      "round_id": "cc5442dd-bc5d-418b-911b-7eb960cb0390",
      "round_number": 15,
      "sim_prod_mean_kl": 0.018870463789177307,
      "sim_prod_std_kl": 0.00021716924264998384,
      "sim_prod_runs": [
        0.0185636481843763,
        0.019011961158433,
        0.019035782024722614
      ],
      "sim_prod_per_seed": [
        [
          0.019562582863326107,
          0.01846691802321075,
          0.017743458829341065,
          0.018754100729196647,
          0.018291180476806945
        ],
        [
          0.02036683565683307,
          0.01925421751308743,
          0.018035552015355675,
          0.018193066724907704,
          0.019210133881981117
        ],
        [
          0.020725615558935966,
          0.01816637301506516,
          0.0187677556939191,
          0.018366168666503625,
          0.019152997189189228
        ]
      ],
      "n_runs": 3,
      "oracle_kl": 0.022330713215037663
    },
    {
      "round_id": "d0a2c894-2162-4d49-86cf-435b9013f3b8",
      "round_number": 14,
      "sim_prod_mean_kl": 0.04879571486868604,
      "sim_prod_std_kl": 0.009180162100707646,
      "sim_prod_runs": [
        0.06026967823468361,
        0.04831935936511807,
        0.037798107006256444
      ],
      "sim_prod_per_seed": [
        [
          0.05891113414073094,
          0.062018635831165146,
          0.056256525267763376,
          0.06168869156643313,
          0.062473404367325465
        ],
        [
          0.04782304760353956,
          0.04865668481109544,
          0.0449088453823579,
          0.05093601581970254,
          0.049272203208894895
        ],
        [
          0.03906611123955319,
          0.03553034370327256,
          0.03456190295247905,
          0.041780088529425274,
          0.038052088606552154
        ]
      ],
      "n_runs": 3,
      "oracle_kl": 0.04590802983028517
    },
    {
      "round_id": "7b4bda99-6165-4221-97cc-27880f5e6d95",
      "round_number": 13,
      "sim_prod_mean_kl": 0.02326627660833316,
      "sim_prod_std_kl": 0.000479781556198289,
      "sim_prod_runs": [
        0.02387956077576434,
        0.023211025475102592,
        0.02270824357413255
      ],
      "sim_prod_per_seed": [
        [
          0.02131134747910369,
          0.025347825534914263,
          0.025272735245296437,
          0.023348036010850066,
          0.02411785960865724
        ],
        [
          0.020800021373918235,
          0.024128765127067762,
          0.025669665004686166,
          0.021756972008911194,
          0.023699703860929615
        ],
        [
          0.020381877963029014,
          0.023895303509935656,
          0.024334190073131912,
          0.021895149783050245,
          0.023034696541515926
        ]
      ],
      "n_runs": 3,
      "oracle_kl": 0.023790587159037847
    },
    {
      "round_id": "795bfb1f-54bd-4f39-a526-9868b36f7ebd",
      "round_number": 12,
      "sim_prod_mean_kl": 0.07910489815919967,
      "sim_prod_std_kl": 0.006234892313872044,
      "sim_prod_runs": [
        0.07662857251380091,
        0.08767188638040777,
        0.07301423558339035
      ],
      "sim_prod_per_seed": [
        [
          0.07653639940445262,
          0.06981074450402852,
          0.08419599811109356,
          0.07284750460875593,
          0.07975221594067386
        ],
        [
          0.08784716871576566,
          0.08329332101514958,
          0.09464095864303065,
          0.08382037111357249,
          0.08875761241452042
        ],
        [
          0.07241737505381086,
          0.06621592073630414,
          0.08166273704060942,
          0.07002169047080158,
          0.07475345461542574
        ]
      ],
      "n_runs": 3,
      "oracle_kl": 0.13270764680470543
    },
    {
      "round_id": "324fde07-1670-4202-b199-7aa92ecb40ee",
      "round_number": 11,
      "sim_prod_mean_kl": 0.02366170328694206,
      "sim_prod_std_kl": 0.0011608168761607575,
      "sim_prod_runs": [
        0.025301757052237295,
        0.02277913469680961,
        0.022904218111779274
      ],
      "sim_prod_per_seed": [
        [
          0.025377376985438436,
          0.02658578743148667,
          0.02597395526013252,
          0.023301068422717484,
          0.02527059716141137
        ],
        [
          0.0229719414652474,
          0.021390974637494516,
          0.02526655747693054,
          0.02153912803372705,
          0.022727071870648548
        ],
        [
          0.02368646932370279,
          0.02194945774682273,
          0.024921875818008022,
          0.02084021623346457,
          0.023123071436898256
        ]
      ],
      "n_runs": 3,
      "oracle_kl": 0.027537596517731362
    },
    {
      "round_id": "75e625c3-60cb-4392-af3e-c86a98bde8c2",
      "round_number": 10,
      "sim_prod_mean_kl": 0.0195353913989505,
      "sim_prod_std_kl": 0.0010526707610456348,